<?xml version="1.0" encoding="UTF-8"?>
<beans xmlns="http://www.springframework.org/schema/beans"
	xmlns:xsi="http://www.w3.org/2001/XMLSchema-instance"
	xsi:schemaLocation="http://www.springframework.org/schema/beans http://www.springframework.org/schema/beans/spring-beans.xsd">

	<bean id="dataSource" class="org.springframework.jndi.JndiObjectFactoryBean">
		<property name="jndiName" value="java:comp/env/jdbc/xxx" />
	</bean>
	
	<bean id="customerDao" class="model.dao.CustomerDAOJdbc">
		<constructor-arg ref="dataSource"></constructor-arg>	
	</bean>
	<bean id="customerService" class="model.CustomerService">
		<constructor-arg ref="customerDao"></constructor-arg>	
	</bean>	
	
	<bean id="productService" class="model.ProductService">
		<constructor-arg>
			<bean class="model.dao.ProductDAOJdbc">
				<constructor-arg ref="dataSource"></constructor-arg>
			</bean>
		</constructor-arg>
	</bean>

</beans>
