<?xml version="1.0" encoding="UTF-8"?>
<beans xmlns="http://www.springframework.org/schema/beans"
	xmlns:xsi="http://www.w3.org/2001/XMLSchema-instance"
	xmlns:context="http://www.springframework.org/schema/context"
	xsi:schemaLocation="http://www.springframework.org/schema/beans http://www.springframework.org/schema/beans/spring-beans.xsd
		http://www.springframework.org/schema/context http://www.springframework.org/schema/context/spring-context.xsd">

	<context:annotation-config></context:annotation-config>
	<context:component-scan base-package="model"></context:component-scan>
	
	<bean id="dataSource" class="org.springframework.jdbc.datasource.DriverManagerDataSource">
		<property name="driverClassName" value="com.microsoft.sqlserver.jdbc.SQLServerDriver" />
		<property name="url" value="jdbc:sqlserver://localhost:1433;database=java" />
		<property name="username" value="sa" />
		<property name="password" value="passw0rd" />
	</bean>
</beans>
